"partition","cluster","n_in_cluster","cell_id"
"PCA_LL_k2","2",2,"S4_GGTTAACTCGTAGTGT-1"
"PCA_LL_k2","2",2,"S6_GAGGGATTCCAGTGCG-1"
"PCA_LL_k2","3",2,"S5_GCAGTTACACGTCATA-1"
"PCA_LL_k2","3",2,"S5_TCCCATGTCGTTCTAT-1"
"PCA_LL_k3","2",2,"S4_GGTTAACTCGTAGTGT-1"
"PCA_LL_k3","2",2,"S6_GAGGGATTCCAGTGCG-1"
"PCA_LL_k3","3",2,"S5_GCAGTTACACGTCATA-1"
"PCA_LL_k3","3",2,"S5_TCCCATGTCGTTCTAT-1"
"PCA_LL_k4","3",2,"S4_GGTTAACTCGTAGTGT-1"
"PCA_LL_k4","3",2,"S6_GAGGGATTCCAGTGCG-1"
"PCA_LL_k4","4",2,"S5_GCAGTTACACGTCATA-1"
"PCA_LL_k4","4",2,"S5_TCCCATGTCGTTCTAT-1"
"PCA_LL_k5","4",2,"S4_GGTTAACTCGTAGTGT-1"
"PCA_LL_k5","4",2,"S6_GAGGGATTCCAGTGCG-1"
"PCA_LL_k5","5",2,"S5_GCAGTTACACGTCATA-1"
"PCA_LL_k5","5",2,"S5_TCCCATGTCGTTCTAT-1"
"PCA_LL_k6","5",2,"S5_GCAGTTACACGTCATA-1"
"PCA_LL_k6","5",2,"S5_TCCCATGTCGTTCTAT-1"
"PCA_LL_k6","6",2,"S4_GGTTAACTCGTAGTGT-1"
"PCA_LL_k6","6",2,"S6_GAGGGATTCCAGTGCG-1"
"PCA_LL_k7","6",2,"S4_GGTTAACTCGTAGTGT-1"
"PCA_LL_k7","6",2,"S6_GAGGGATTCCAGTGCG-1"
"PCA_LL_k7","7",2,"S5_GCAGTTACACGTCATA-1"
"PCA_LL_k7","7",2,"S5_TCCCATGTCGTTCTAT-1"
"PCA_LL_k8","7",2,"S5_GCAGTTACACGTCATA-1"
"PCA_LL_k8","7",2,"S5_TCCCATGTCGTTCTAT-1"
"PCA_LL_k8","8",2,"S4_GGTTAACTCGTAGTGT-1"
"PCA_LL_k8","8",2,"S6_GAGGGATTCCAGTGCG-1"
"PCA_LL_k9","9",2,"S4_GGTTAACTCGTAGTGT-1"
"PCA_LL_k9","9",2,"S6_GAGGGATTCCAGTGCG-1"
"PCA_Leiden_k3","3",1,"S6_GGTAATCTCGCCTTTG-1"
"PCA_Leiden_k4","4",1,"S6_GGTAATCTCGCCTTTG-1"
"PCA_Leiden_k5","4",1,"S6_GGTAATCTCGCCTTTG-1"
"PCA_Leiden_k6","4",1,"S3_CTAACTTTCAGCAACT-1"
"PCA_Leiden_k6","5",1,"S5_ACATCCCCACTAACGT-1"
"PCA_Leiden_k6","6",1,"S5_ACGTCCTTCTCTATAC-1"
"PCA_Leiden_k6","7",1,"S6_GGTAATCTCGCCTTTG-1"
"PCA_Leiden_k7","4",1,"S3_CTAACTTTCAGCAACT-1"
"PCA_Leiden_k7","5",1,"S5_ACATCCCCACTAACGT-1"
"PCA_Leiden_k7","6",1,"S5_ACGTCCTTCTCTATAC-1"
"PCA_Leiden_k7","7",1,"S6_GGTAATCTCGCCTTTG-1"
"PCA_Leiden_k8","5",1,"S3_CTAACTTTCAGCAACT-1"
"PCA_Leiden_k8","6",1,"S5_ACATCCCCACTAACGT-1"
"PCA_Leiden_k8","7",1,"S5_ACGTCCTTCTCTATAC-1"
"PCA_Leiden_k8","8",1,"S6_GGTAATCTCGCCTTTG-1"
"PCA_Leiden_k9","4",1,"S3_CTAACTTTCAGCAACT-1"
"PCA_Leiden_k9","5",1,"S5_ACATCCCCACTAACGT-1"
"PCA_Leiden_k9","6",1,"S5_ACGTCCTTCTCTATAC-1"
"PCA_Leiden_k9","7",1,"S5_CTATAGGAGAAGCGGG-1"
"PCA_Leiden_k9","8",1,"S6_GGTAATCTCGCCTTTG-1"
"PCA_Leiden_k9","9",1,"S6_TCTAACTGTTTAGAGA-1"
"scDHA_Leiden_k2","2",1,"S5_GCTACCTGTACTTGTG-1"
"scDHA_Leiden_k3","3",1,"S5_GCTACCTGTACTTGTG-1"
"scDHA_Leiden_k4","3",1,"S5_GCTACCTGTACTTGTG-1"
"scDHA_Leiden_k4","4",1,"S6_CTACTATCACGGGTAA-1"
"scDHA_Leiden_k5","3",1,"S3_ACGATGTCATGTAAGA-1"
"scDHA_Leiden_k5","4",1,"S5_GCTACCTGTACTTGTG-1"
"scDHA_Leiden_k5","5",1,"S6_CTACTATCACGGGTAA-1"
"scDHA_Leiden_k6","4",1,"S3_ACGATGTCATGTAAGA-1"
"scDHA_Leiden_k6","5",1,"S5_GCTACCTGTACTTGTG-1"
"scDHA_Leiden_k6","6",1,"S6_CTACTATCACGGGTAA-1"
"scDHA_Leiden_k7","4",1,"S3_ACGATGTCATGTAAGA-1"
"scDHA_Leiden_k7","5",1,"S4_TAGACTGGTTATGTGC-1"
"scDHA_Leiden_k7","6",1,"S5_GCTACCTGTACTTGTG-1"
"scDHA_Leiden_k7","7",1,"S6_CTACTATCACGGGTAA-1"
"scDHA_Leiden_k8","4",1,"S3_ACGATGTCATGTAAGA-1"
"scDHA_Leiden_k8","5",2,"S4_TAGACTGGTTATGTGC-1"
"scDHA_Leiden_k8","5",2,"S6_GAGCTGCGTTACGGAG-1"
"scDHA_Leiden_k8","6",1,"S5_GCTACCTGTACTTGTG-1"
"scDHA_Leiden_k8","7",1,"S6_CTACTATCACGGGTAA-1"
"scDHA_Leiden_k8","8",1,"S6_GGGAGATAGATGCTAA-1"
"scDHA_Leiden_k9","4",1,"S2_CTCATTACACTGCGTG-1"
"scDHA_Leiden_k9","5",1,"S4_CTCCATGTCTCCCAAC-1"
"scDHA_Leiden_k9","6",1,"S4_TAGACTGGTTATGTGC-1"
"scDHA_Leiden_k9","7",2,"S5_GATGGAGTCGGTCTGG-1"
"scDHA_Leiden_k9","7",2,"S5_GCTACAACAGTAACCT-1"
"scDHA_Leiden_k9","8",1,"S5_GCTACCTGTACTTGTG-1"
"scDHA_Leiden_k9","9",1,"S6_GGGAGATAGATGCTAA-1"
