"method","target_k","actual_k","balance","jacc_min","marker_spec","rogue","ari","nmi","sizes_str"
"PCA_KMeans",2,2,0.5753,0.9991,0.5297,0.5427,0.2449,0.1924,"4239/52040"
"PCA_KMeans",3,3,0.5477,0.9987,0.5797,0.5597,0.7366,0.5522,"9592/4251/42436"
"PCA_KMeans",4,4,0.4791,0.836,0.5368,0.6146,0.8622,0.6918,"9576/4249/2571/39883"
"PCA_KMeans",5,5,0.4448,0.7625,0.5487,0.6634,0.8796,0.7306,"2726/39249/7484/4251/2569"
"PCA_KMeans",6,6,0.4689,0.2243,0.4969,0.6372,0.602,0.6433,"9413/2554/31858/7743/3818/893"
"PCA_KMeans",7,7,0.4054,0.7081,0.6197,0.6709,0.6042,0.6473,"501/31811/7742/9411/2553/3818/443"
"PCA_KMeans",8,8,0.4083,0.5886,0.6159,0.6951,0.6184,0.6236,"3816/7414/7731/501/2725/2552/443/31097"
"PCA_KMeans",9,9,0.3865,0.3504,0.6801,0.6991,0.61,0.6296,"5132/31680/2717/443/2022/7740/3815/2549/181"
"PCA_KMeans",10,10,0.3544,0.7857,0.7237,0.6925,0.6104,0.6342,"2716/2025/292/7740/4791/181/31727/443/2548/3816"
"PCA_KMeans",11,11,0.3363,0.3705,0.6919,0.6972,0.6229,0.6257,"181/4789/443/1573/31354/1000/7728/2386/3817/2716/292"
"PCA_KMeans",12,12,0.344,0.0523,0.6466,0.694,0.6236,0.6132,"4779/437/1573/30065/1002/7709/1955/3703/2716/282/177/1881"
"PCA_GMM",2,2,0.8481,0.9998,0.3231,0.5623,0.7555,0.4856,"19593/36686"
"PCA_GMM",3,3,0.9033,0.998,0.2556,0.688,0.36,0.4999,"19247/14436/22596"
"PCA_GMM",4,4,0.7907,0.9865,0.2109,0.7047,0.2503,0.4337,"19163/12707/18890/5519"
"PCA_GMM",5,5,0.7754,0.5748,0.2652,0.6841,0.358,0.5097,"11459/12685/18848/5496/7791"
"PCA_GMM",6,6,0.6969,0.6634,0.2878,0.6825,0.3351,0.4441,"8826/12667/18724/5464/7824/2774"
"PCA_GMM",7,7,0.7846,0.61,0.2538,0.7226,0.2284,0.395,"8660/12424/11608/5408/7816/2774/7589"
"PCA_GMM",8,8,0.7388,0.4183,0.3253,0.7177,0.2541,0.4326,"4329/8098/12515/11479/5263/4307/2777/7511"
"PCA_GMM",9,9,0.7149,0.5109,0.3018,0.736,0.2388,0.4183,"4275/7912/13592/9756/3834/3509/4314/2777/6310"
"PCA_GMM",10,10,0.7437,0.3545,0.3249,0.7558,0.2367,0.4226,"4275/5148/13201/7443/5768/3534/4278/2764/6633/3235"
"PCA_GMM",11,11,0.7622,0.2899,0.3056,0.7723,0.2178,0.4079,"4281/5021/13123/6510/5375/3537/4431/2761/4254/3986/3000"
"PCA_GMM",12,12,0.702,0.3428,0.3031,0.7396,0.2227,0.4066,"3999/4890/13231/6939/5448/3343/3894/2951/2735/4487/3382/980"
"scDHA_KMeans",2,2,0.821,0.9988,0.1909,0.5928,0.4889,0.2263,"38212/18067"
"scDHA_KMeans",3,3,0.6767,0.9985,0.2493,0.633,0.4996,0.3773,"8258/35548/12473"
"scDHA_KMeans",4,4,0.5843,0.9969,0.4255,0.6194,0.5404,0.5036,"35616/7848/4560/8255"
"scDHA_KMeans",5,5,0.5127,0.9963,0.4416,0.6417,0.5483,0.5656,"7832/35102/4545/6336/2464"
"scDHA_KMeans",6,6,0.482,0.7973,0.4756,0.6723,0.5436,0.537,"2570/6333/4561/35036/2461/5318"
"scDHA_KMeans",7,7,0.5806,0.7929,0.4303,0.6953,0.2988,0.4205,"15209/21271/2550/4409/2455/5251/5134"
"scDHA_KMeans",8,8,0.5322,0.9217,0.4655,0.6807,0.3071,0.4406,"15076/3824/2543/1476/4428/21353/2450/5129"
"scDHA_KMeans",9,9,0.4977,0.9446,0.4788,0.6692,0.318,0.4435,"22149/14043/2447/3411/3807/5026/1475/2543/1378"
"scDHA_KMeans",10,10,0.4721,0.5097,0.5412,0.662,0.3354,0.4405,"2543/1471/2630/12381/3815/203/22930/4843/2445/3018"
"scDHA_KMeans",11,11,0.4559,0.4296,0.5877,0.6937,0.428,0.4759,"4439/3382/1418/2444/465/9254/4399/3715/214/24032/2517"
"scDHA_KMeans",12,12,0.4343,0.4372,0.5633,0.7038,0.4178,0.4634,"3714/2517/464/23692/9343/4433/3380/1418/742/214/2336/4026"
"PCA_LL",2,2,0.6025,0.5714,0.5031,0.4873,0.2752,0.2302,"50509/5770"
"PCA_LL",3,3,0.5935,0.9976,0.5469,0.5343,0.7881,0.6334,"40091/10416/5772"
"PCA_LL",4,4,0.525,0.9867,0.509,0.6064,0.9005,0.7711,"36855/10775/5771/2878"
"PCA_LL",5,5,0.4272,0.9867,0.6423,0.6599,0.9038,0.7983,"36858/10775/5256/2875/515"
"PCA_LL",6,6,0.4118,0.7866,0.6109,0.6557,0.9331,0.8945,"36856/7762/5257/3011/2878/515"
"PCA_LL",7,6,0.4118,0.6098,0.6109,0.6557,0.9331,0.8945,"36856/7762/5257/3011/2878/515"
"PCA_LL",8,8,0.395,0.4468,0.5955,0.6937,0.9082,0.7902,"36861/5258/3083/3011/2878/2834/1839/515"
"PCA_LL",9,8,0.395,0.4521,0.5955,0.6937,0.9082,0.7902,"36861/5258/3083/3011/2878/2834/1839/515"
"PCA_LL",10,10,0.4231,0.0805,0.5802,0.7058,0.6195,0.6161,"29140/7718/4830/3082/3011/2881/2834/1839/515/429"
"PCA_LL",11,11,0.3984,0.6223,0.5743,0.7123,0.6156,0.602,"29108/7753/4830/3011/2879/2834/1840/1560/1521/515/428"
"PCA_LL",12,12,0.3751,0.1789,0.5946,0.7006,0.6174,0.6064,"29113/7743/4830/2882/2834/2495/1840/1560/1523/516/515/428"
"scDHA_LL",2,2,0.5088,0.9925,0.853,0.67,0.0326,0.0432,"55786/493"
"scDHA_LL",3,3,0.3773,0.98,0.7123,0.7382,0.1717,0.1355,"53059/2727/493"
"scDHA_LL",4,4,0.3733,0.1312,0.6766,0.6852,0.5558,0.4323,"46110/6949/2727/493"
"scDHA_LL",5,5,0.3613,0.9925,0.6124,0.6888,0.7021,0.5876,"43317/6949/2793/2727/493"
"scDHA_LL",6,6,0.3983,0.9898,0.6417,0.6934,0.9016,0.774,"38110/6952/5204/2793/2727/493"
"scDHA_LL",7,6,0.3983,0.9898,0.6417,0.6934,0.9016,0.774,"38110/6952/5204/2793/2727/493"
"scDHA_LL",8,8,0.4292,0.6563,0.5687,0.6961,0.7262,0.6566,"33288/5998/4893/4030/2793/2727/2057/493"
"scDHA_LL",9,8,0.4292,0.6563,0.5687,0.6961,0.7262,0.6566,"33288/5998/4893/4030/2793/2727/2057/493"
"scDHA_LL",10,10,0.4291,0.3341,0.5505,0.695,0.671,0.6042,"31719/5584/3670/3264/2795/2745/2727/2059/1223/493"
"scDHA_LL",11,11,0.4138,0.3341,0.5479,0.6935,0.6678,0.5884,"31794/5541/3230/2796/2745/2727/2392/2060/1278/1223/493"
"scDHA_LL",12,11,0.4138,0.4964,0.5479,0.6935,0.6678,0.5884,"31794/5541/3230/2796/2745/2727/2392/2060/1278/1223/493"
"PCA_Leiden",2,6,0.4071,0.2615,0.6329,0.6929,0.919,0.8461,"7622/37202/5243/2828/2869/515"
"PCA_Leiden",3,6,0.4071,0.2615,0.6329,0.6929,0.919,0.8461,"7622/37202/5243/2828/2869/515"
"PCA_Leiden",4,6,0.4071,0.2615,0.6329,0.6929,0.919,0.8461,"7622/37202/5243/2828/2869/515"
"PCA_Leiden",5,6,0.4071,0.2615,0.6329,0.6929,0.919,0.8461,"7622/37202/5243/2828/2869/515"
"PCA_Leiden",6,6,0.4071,0.2602,0.6329,0.6929,0.919,0.8461,"7622/37202/5243/2828/2869/515"
"PCA_Leiden",7,7,0.4853,0.21,0.555,0.7272,0.627,0.6544,"7622/29433/7765/5243/2828/2873/515"
"PCA_Leiden",8,8,0.4343,0,0.531,0.6975,0.612,0.6362,"7622/29022/7824/5243/2828/866/2873/1"
"PCA_Leiden",9,9,0.4302,0.3581,0.5319,0.6938,0.6302,0.6571,"4957/29080/7766/2665/5243/2828/866/2873/1"
"PCA_Leiden",10,10,0.3871,0,0.532,0.6938,0.6309,0.6573,"4957/29106/2665/5243/7739/2828/866/2873/1/1"
"PCA_Leiden",11,11,0.3664,0,0.5535,0.6723,0.6297,0.6476,"4957/29079/7766/2666/4408/2828/866/2873/834/1/1"
"PCA_Leiden",12,12,0.336,0,0.5536,0.6722,0.6298,0.6478,"4957/29076/7766/2667/4407/2830/866/2873/834/1/1/1"
"scDHA_Leiden",2,5,0.3613,0.6215,0.6124,0.6889,0.7021,0.5877,"6950/43316/2727/2793/493"
"scDHA_Leiden",3,5,0.3613,0.6215,0.6124,0.6889,0.7021,0.5877,"6950/43316/2727/2793/493"
"scDHA_Leiden",4,5,0.3613,0.2815,0.6124,0.6889,0.7021,0.5877,"6950/43316/2727/2793/493"
"scDHA_Leiden",5,5,0.3613,0.7004,0.6124,0.6889,0.7021,0.5877,"6950/43316/2727/2793/493"
"scDHA_Leiden",6,6,0.3689,0.2977,0.6925,0.698,0.831,0.7069,"6951/40570/2745/2727/2793/493"
"scDHA_Leiden",7,7,0.3493,0,0.6259,0.6917,0.8749,0.7619,"6955/37338/5971/2727/2794/493/1"
"scDHA_Leiden",8,8,0.3864,0,0.5603,0.7052,0.7136,0.6399,"6954/33270/5999/2727/4040/2795/493/1"
"scDHA_Leiden",9,8,0.3864,0,0.5603,0.7052,0.7136,0.6399,"6954/33270/5999/2727/4040/2795/493/1"
"scDHA_Leiden",10,11,0.281,0,0.56,0.7052,0.7139,0.6403,"6957/33287/5974/2727/4040/2797/493/1/1/1/1"
"scDHA_Leiden",11,11,0.281,0,0.56,0.7052,0.7139,0.6403,"6957/33287/5974/2727/4040/2797/493/1/1/1/1"
"scDHA_Leiden",12,12,0.2981,0,0.5656,0.7093,0.6731,0.6332,"4895/31741/2062/5977/2727/5583/2797/493/1/1/1/1"
